Timestamp,container_cpu_cfs_periods_total,container_cpu_cfs_throttled_periods_total,container_cpu_cfs_throttled_seconds_total,container_cpu_system_seconds_total,container_cpu_usage_seconds_total,container_cpu_user_seconds_total,container_memory_failures_total,container_memory_rss,container_memory_usage_bytes,container_memory_working_set_bytes,container_memory_cache,container_network_receive_bytes_total,container_network_receive_packets_total,container_network_transmit_bytes_total,container_network_transmit_packets_total,container_processes,container_sockets,container_threads,container_file_descriptors,container_last_seen
2026-07-16 05:30:00.700583,0.0,0.0,0.0,11.60515,17.468169,5.863018,866088.0,125730816.0,269635584.0,247001088.0,88625152.0,6288587.0,53220.0,11943797.0,34596.0,0.0,0.0,0.0,0.0,1784179800.0
2026-07-16 05:30:01.786115,0.0,0.0,0.0,11.60515,17.468169,5.863018,866088.0,125730816.0,269635584.0,247001088.0,88625152.0,6288587.0,53220.0,11943797.0,34596.0,0.0,0.0,0.0,0.0,1784179801.0
2026-07-16 05:30:02.850497,0.0,0.0,0.0,11.621164,17.512309,5.891144,867442.0,125997056.0,269922304.0,247283712.0,88629248.0,6300620.0,53285.0,12010740.0,34630.0,0.0,0.0,0.0,0.0,1784179802.0
2026-07-16 05:30:03.919165,0.0,0.0,0.0,11.646225,17.560009,5.913784,869072.0,126304256.0,270393344.0,247746560.0,88637440.0,6313620.0,53353.0,12086293.0,34664.0,0.0,0.0,0.0,0.0,1784179803.0
2026-07-16 05:30:04.993275,0.0,0.0,0.0,11.646225,17.560009,5.913784,869072.0,126304256.0,270393344.0,247746560.0,88637440.0,6313620.0,53353.0,12086293.0,34664.0,0.0,0.0,0.0,0.0,1784179805.0
2026-07-16 05:30:06.061652,0.0,0.0,0.0,11.652344,17.604406,5.952062,870626.0,124329984.0,268443648.0,245796864.0,88641536.0,6325074.0,53413.0,12153211.0,34694.0,0.0,0.0,0.0,0.0,1784179806.0
2026-07-16 05:30:07.133357,0.0,0.0,0.0,11.652344,17.631351,5.979007,871746.0,124936192.0,269066240.0,246415360.0,88641536.0,6332532.0,53454.0,12196231.0,34717.0,0.0,0.0,0.0,0.0,1784179807.0
2026-07-16 05:30:08.204554,0.0,0.0,0.0,11.6684,17.663822,5.995421,873134.0,125726720.0,269869056.0,247214080.0,88645632.0,6341326.0,53500.0,12247062.0,34740.0,0.0,0.0,0.0,0.0,1784179808.0
2026-07-16 05:30:09.279119,0.0,0.0,0.0,11.697355,17.692777,5.995421,874006.0,125726720.0,269733888.0,247078912.0,88645632.0,6348962.0,53540.0,12291680.0,34760.0,0.0,0.0,0.0,0.0,1784179809.0
2026-07-16 05:30:10.353185,0.0,0.0,0.0,11.697355,17.692777,5.995421,874006.0,125726720.0,269733888.0,247078912.0,88645632.0,6348962.0,53540.0,12291680.0,34760.0,0.0,0.0,0.0,0.0,1784179810.0
2026-07-16 05:30:11.435495,0.0,0.0,0.0,11.715447,17.733932,6.018484,875338.0,125775872.0,269791232.0,247132160.0,88649728.0,6360776.0,53602.0,12361671.0,34791.0,0.0,0.0,0.0,0.0,1784179811.0
2026-07-16 05:30:12.509396,0.0,0.0,0.0,11.737288,17.756668,6.019379,876222.0,125992960.0,270819328.0,248152064.0,88657920.0,6471516.0,54237.0,12423841.0,35211.0,0.0,0.0,0.0,0.0,1784179812.0
2026-07-16 05:30:13.573969,0.0,0.0,0.0,11.737288,17.756668,6.019379,876222.0,125992960.0,270819328.0,248152064.0,88657920.0,6471516.0,54237.0,12423841.0,35211.0,0.0,0.0,0.0,0.0,1784179813.0
2026-07-16 05:30:14.659138,0.0,0.0,0.0,11.740918,17.760298,6.019379,876602.0,126324736.0,272691200.0,250023936.0,88657920.0,6606441.0,55008.0,12459821.0,35725.0,0.0,0.0,0.0,0.0,1784179814.0
2026-07-16 05:30:15.725743,0.0,0.0,0.0,11.747145,17.766525,6.019379,877358.0,126984192.0,276434944.0,253767680.0,88657920.0,6653063.0,55335.0,12470181.0,35873.0,0.0,0.0,0.0,0.0,1784179815.0
2026-07-16 05:30:16.801198,0.0,0.0,0.0,11.758076,17.777456,6.019379,878866.0,128299008.0,283906048.0,261238784.0,88657920.0,6680647.0,55675.0,12471301.0,35889.0,0.0,0.0,0.0,0.0,1784179816.0
2026-07-16 05:30:17.878488,0.0,0.0,0.0,11.808975,17.828355,6.019379,887896.0,136171520.0,328732672.0,306065408.0,88657920.0,6728989.0,56230.0,12474661.0,35937.0,0.0,0.0,0.0,0.0,1784179817.0
2026-07-16 05:30:18.945963,0.0,0.0,0.0,11.84252,17.8619,6.019379,893916.0,141418496.0,358617088.0,335949824.0,88657920.0,6800499.0,56918.0,12483455.0,36062.0,0.0,0.0,0.0,0.0,1784179818.0
2026-07-16 05:30:20.028763,0.0,0.0,0.0,11.877691,17.897071,6.019379,899936.0,146665472.0,388497408.0,365830144.0,88657920.0,6859286.0,57426.0,12488009.0,36127.0,0.0,0.0,0.0,0.0,1784179820.0
2026-07-16 05:30:21.100447,0.0,0.0,0.0,11.896276,17.915656,6.019379,902402.0,148799488.0,400637952.0,377970688.0,88657920.0,6897899.0,57784.0,12488933.0,36141.0,0.0,0.0,0.0,0.0,1784179821.0
2026-07-16 05:30:22.170621,0.0,0.0,0.0,11.899774,17.919154,6.019379,902404.0,148799488.0,400637952.0,377970688.0,88657920.0,6978682.0,58684.0,12532493.0,36801.0,0.0,0.0,0.0,0.0,1784179822.0
2026-07-16 05:30:23.240933,0.0,0.0,0.0,11.899774,17.919154,6.019379,902404.0,148799488.0,400637952.0,377970688.0,88657920.0,6978682.0,58684.0,12532493.0,36801.0,0.0,0.0,0.0,0.0,1784179823.0
2026-07-16 05:30:24.319903,0.0,0.0,0.0,11.900628,17.920008,6.019379,902404.0,148799488.0,400637952.0,377970688.0,88657920.0,6998958.0,58958.0,12532493.0,36801.0,0.0,0.0,0.0,0.0,1784179824.0
2026-07-16 05:30:25.394298,0.0,0.0,0.0,11.90151,17.92089,6.019379,902404.0,148799488.0,400637952.0,377970688.0,88657920.0,7006284.0,59057.0,12532493.0,36801.0,0.0,0.0,0.0,0.0,1784179825.0
2026-07-16 05:30:26.473402,0.0,0.0,0.0,11.902292,17.921672,6.019379,902404.0,148799488.0,400637952.0,377970688.0,88657920.0,7007986.0,59080.0,12532493.0,36801.0,0.0,0.0,0.0,0.0,1784179826.0
2026-07-16 05:30:27.558044,0.0,0.0,0.0,11.90319,17.92257,6.019379,902404.0,148799488.0,400637952.0,377970688.0,88657920.0,7017014.0,59202.0,12532493.0,36801.0,0.0,0.0,0.0,0.0,1784179827.0
2026-07-16 05:30:28.635624,0.0,0.0,0.0,11.904769,17.924149,6.019379,902404.0,148799488.0,400637952.0,377970688.0,88657920.0,7031518.0,59398.0,12532493.0,36801.0,0.0,0.0,0.0,0.0,1784179828.0
2026-07-16 05:30:29.707723,0.0,0.0,0.0,11.904769,17.924149,6.019379,902404.0,148799488.0,400637952.0,377970688.0,88657920.0,7031518.0,59398.0,12532493.0,36801.0,0.0,0.0,0.0,0.0,1784179829.0
2026-07-16 05:30:30.774460,0.0,0.0,0.0,11.906137,17.925517,6.019379,902404.0,148799488.0,400637952.0,377970688.0,88657920.0,7031592.0,59399.0,12532493.0,36801.0,0.0,0.0,0.0,0.0,1784179830.0
2026-07-16 05:30:31.848173,0.0,0.0,0.0,11.906137,17.925517,6.019379,902404.0,148799488.0,400637952.0,377970688.0,88657920.0,7031592.0,59399.0,12532493.0,36801.0,0.0,0.0,0.0,0.0,1784179831.0
2026-07-16 05:30:32.919543,0.0,0.0,0.0,11.910405,17.929785,6.019379,902404.0,148799488.0,400637952.0,377970688.0,88657920.0,7094554.0,60061.0,12576053.0,37461.0,0.0,0.0,0.0,0.0,1784179832.0
2026-07-16 05:30:34.009221,0.0,0.0,0.0,11.914024,17.933404,6.019379,902412.0,148811776.0,400654336.0,377982976.0,88662016.0,7108083.0,60152.0,12585972.0,37528.0,0.0,0.0,0.0,0.0,1784179834.0
2026-07-16 05:30:35.090743,0.0,0.0,0.0,11.914024,17.933404,6.019379,902412.0,148811776.0,400654336.0,377982976.0,88662016.0,7108083.0,60152.0,12585972.0,37528.0,0.0,0.0,0.0,0.0,1784179835.0
2026-07-16 05:30:36.176625,0.0,0.0,0.0,11.916888,17.936268,6.019379,902460.0,148885504.0,400728064.0,378056704.0,88662016.0,7172119.0,60536.0,12593908.0,37599.0,0.0,0.0,0.0,0.0,1784179836.0
2026-07-16 05:30:37.254285,0.0,0.0,0.0,11.919655,17.939035,6.019379,902524.0,148983808.0,400834560.0,378163200.0,88666112.0,7238133.0,60827.0,12601644.0,37655.0,0.0,0.0,0.0,0.0,1784179837.0
2026-07-16 05:30:38.338601,0.0,0.0,0.0,11.919655,17.939035,6.019379,902524.0,148983808.0,400834560.0,378163200.0,88666112.0,7238133.0,60827.0,12601644.0,37655.0,0.0,0.0,0.0,0.0,1784179838.0
2026-07-16 05:30:39.412833,0.0,0.0,0.0,11.930431,17.949811,6.019379,902916.0,149573632.0,401436672.0,378744832.0,88682496.0,7276389.0,61010.0,12635668.0,37819.0,0.0,0.0,0.0,0.0,1784179839.0
2026-07-16 05:30:40.498960,0.0,0.0,0.0,11.93627,17.95565,6.019379,903172.0,149966848.0,401846272.0,379146240.0,88694784.0,7299478.0,61123.0,12660232.0,37957.0,0.0,0.0,0.0,0.0,1784179840.0
2026-07-16 05:30:41.578675,0.0,0.0,0.0,11.945548,17.964928,6.019379,903428.0,150360064.0,402403328.0,379695104.0,88702976.0,7305286.0,61211.0,12690196.0,38089.0,0.0,0.0,0.0,0.0,1784179841.0
2026-07-16 05:30:42.654640,0.0,0.0,0.0,11.945548,17.964928,6.019379,903428.0,150360064.0,402403328.0,379695104.0,88702976.0,7305286.0,61211.0,12690196.0,38089.0,0.0,0.0,0.0,0.0,1784179842.0
2026-07-16 05:30:43.736536,0.0,0.0,0.0,11.950399,17.969778,6.019379,903534.0,150519808.0,402411520.0,379699200.0,88707072.0,7365815.0,61822.0,12731013.0,38700.0,0.0,0.0,0.0,0.0,1784179843.0
2026-07-16 05:30:44.818041,0.0,0.0,0.0,11.951052,17.970432,6.019379,903534.0,150519808.0,402411520.0,379699200.0,88707072.0,7365815.0,61822.0,12731013.0,38700.0,0.0,0.0,0.0,0.0,1784179844.0
2026-07-16 05:30:45.907026,0.0,0.0,0.0,11.951942,17.971322,6.019379,903534.0,150519808.0,402411520.0,379699200.0,88707072.0,7366408.0,61826.0,12731219.0,38703.0,0.0,0.0,0.0,0.0,1784179845.0
2026-07-16 05:30:46.981477,0.0,0.0,0.0,11.95261,17.97199,6.019379,903534.0,150519808.0,402411520.0,379695104.0,88707072.0,7366408.0,61826.0,12731219.0,38703.0,0.0,0.0,0.0,0.0,1784179847.0
2026-07-16 05:30:48.077582,0.0,0.0,0.0,11.953466,17.972846,6.019379,903534.0,150519808.0,402411520.0,379695104.0,88707072.0,7367001.0,61830.0,12731425.0,38706.0,0.0,0.0,0.0,0.0,1784179848.0
2026-07-16 05:30:49.146696,0.0,0.0,0.0,11.954327,17.973707,6.019379,903534.0,150519808.0,402411520.0,379695104.0,88707072.0,7367001.0,61830.0,12731425.0,38706.0,0.0,0.0,0.0,0.0,1784179849.0
2026-07-16 05:30:50.223877,0.0,0.0,0.0,11.955247,17.974627,6.019379,903534.0,150519808.0,402411520.0,379695104.0,88707072.0,7367001.0,61830.0,12731425.0,38706.0,0.0,0.0,0.0,0.0,1784179850.0
2026-07-16 05:30:51.300643,0.0,0.0,0.0,11.955247,17.974627,6.019379,903534.0,150519808.0,402411520.0,379695104.0,88707072.0,7367001.0,61830.0,12731425.0,38706.0,0.0,0.0,0.0,0.0,1784179851.0
2026-07-16 05:30:52.405559,0.0,0.0,0.0,11.959073,17.978453,6.019379,903534.0,150519808.0,402411520.0,379695104.0,88707072.0,7471668.0,62744.0,12783261.0,39484.0,0.0,0.0,0.0,0.0,1784179852.0
2026-07-16 05:30:53.485381,0.0,0.0,0.0,11.960092,17.979472,6.019379,903534.0,150519808.0,402411520.0,379695104.0,88707072.0,7483213.0,62879.0,12783261.0,39484.0,0.0,0.0,0.0,0.0,1784179853.0
2026-07-16 05:30:54.557351,0.0,0.0,0.0,11.963085,17.982464,6.019379,903534.0,150519808.0,402415616.0,379699200.0,88711168.0,7487208.0,62913.0,12791478.0,39528.0,0.0,0.0,0.0,0.0,1784179854.0
2026-07-16 05:30:55.632579,0.0,0.0,0.0,11.963085,17.982464,6.019379,903534.0,150519808.0,402415616.0,379699200.0,88711168.0,7487208.0,62913.0,12791478.0,39528.0,0.0,0.0,0.0,0.0,1784179855.0
2026-07-16 05:30:56.719756,0.0,0.0,0.0,11.96578,17.98516,6.019379,903534.0,150519808.0,402423808.0,379703296.0,88711168.0,7488527.0,62928.0,12795704.0,39548.0,0.0,0.0,0.0,0.0,1784179856.0
2026-07-16 05:30:57.788865,0.0,0.0,0.0,11.968076,17.987456,6.019379,903534.0,150519808.0,402423808.0,379699200.0,88715264.0,7490176.0,62948.0,12801358.0,39575.0,0.0,0.0,0.0,0.0,1784179857.0
2026-07-16 05:30:58.863929,0.0,0.0,0.0,11.97182,17.9912,6.019379,903534.0,150519808.0,402427904.0,379695104.0,88723456.0,7492288.0,62980.0,12812254.0,39623.0,0.0,0.0,0.0,0.0,1784179858.0
2026-07-16 05:30:59.927141,0.0,0.0,0.0,11.977018,17.996398,6.019379,903534.0,150519808.0,402436096.0,379699200.0,88731648.0,7497105.0,63048.0,12834252.0,39722.0,0.0,0.0,0.0,0.0,1784179859.0
2026-07-16 05:31:00.997604,0.0,0.0,0.0,11.987059,18.006439,6.019379,903534.0,150519808.0,402464768.0,379715584.0,88743936.0,7505553.0,63176.0,12877836.0,39914.0,0.0,0.0,0.0,0.0,1784179861.0
2026-07-16 05:31:02.082779,0.0,0.0,0.0,11.987059,18.006439,6.019379,903534.0,150519808.0,402464768.0,379715584.0,88743936.0,7505553.0,63176.0,12877836.0,39914.0,0.0,0.0,0.0,0.0,1784179862.0
2026-07-16 05:31:03.158975,0.0,0.0,0.0,11.992361,18.011741,6.019379,903534.0,150519808.0,402452480.0,379691008.0,88756224.0,7557224.0,63727.0,12921281.0,40477.0,0.0,0.0,0.0,0.0,1784179863.0
2026-07-16 05:31:04.240943,0.0,0.0,0.0,11.993232,18.012612,6.019379,903534.0,150519808.0,402452480.0,379691008.0,88756224.0,7557224.0,63727.0,12921281.0,40477.0,0.0,0.0,0.0,0.0,1784179864.0
2026-07-16 05:31:05.329379,0.0,0.0,0.0,11.994041,18.013421,6.019379,903534.0,150519808.0,402452480.0,379691008.0,88756224.0,7557224.0,63727.0,12921281.0,40477.0,0.0,0.0,0.0,0.0,1784179865.0
2026-07-16 05:31:06.417070,0.0,0.0,0.0,11.995082,18.014461,6.019379,903534.0,150519808.0,402440192.0,379678720.0,88756224.0,7557817.0,63731.0,12921487.0,40480.0,0.0,0.0,0.0,0.0,1784179866.0
2026-07-16 05:31:07.498982,0.0,0.0,0.0,11.995082,18.014461,6.019379,903534.0,150519808.0,402440192.0,379678720.0,88756224.0,7557817.0,63731.0,12921487.0,40480.0,0.0,0.0,0.0,0.0,1784179867.0
2026-07-16 05:31:08.571534,0.0,0.0,0.0,11.996325,18.015705,6.019379,903534.0,150519808.0,402415616.0,379654144.0,88756224.0,7558410.0,63735.0,12921693.0,40483.0,0.0,0.0,0.0,0.0,1784179868.0
2026-07-16 05:31:09.647301,0.0,0.0,0.0,11.997187,18.016567,6.019379,903534.0,150519808.0,402415616.0,379650048.0,88756224.0,7558410.0,63735.0,12921693.0,40483.0,0.0,0.0,0.0,0.0,1784179869.0
2026-07-16 05:31:10.723059,0.0,0.0,0.0,11.997187,18.016567,6.019379,903534.0,150519808.0,402415616.0,379650048.0,88756224.0,7558410.0,63735.0,12921693.0,40483.0,0.0,0.0,0.0,0.0,1784179870.0
2026-07-16 05:31:11.802483,0.0,0.0,0.0,12.001491,18.020871,6.019379,903534.0,150519808.0,402407424.0,379641856.0,88756224.0,7607311.0,64247.0,12955427.0,40994.0,0.0,0.0,0.0,0.0,1784179871.0
2026-07-16 05:31:12.879345,0.0,0.0,0.0,12.001491,18.020871,6.019379,903534.0,150519808.0,402407424.0,379641856.0,88756224.0,7607311.0,64247.0,12955427.0,40994.0,0.0,0.0,0.0,0.0,1784179872.0
2026-07-16 05:31:13.950054,0.0,0.0,0.0,12.076911,18.096291,6.019379,911740.0,158912512.0,410230784.0,387211264.0,89010176.0,7675844.0,65316.0,13278005.0,41538.0,0.0,0.0,0.0,0.0,1784179873.0
2026-07-16 05:31:15.014811,0.0,0.0,0.0,12.111001,18.151574,6.040573,916300.0,158777344.0,408760320.0,385736704.0,89014272.0,7689207.0,65386.0,13356082.0,41573.0,0.0,0.0,0.0,0.0,1784179875.0
2026-07-16 05:31:16.078071,0.0,0.0,0.0,12.111001,18.151574,6.040573,916300.0,158777344.0,408760320.0,385736704.0,89014272.0,7689207.0,65386.0,13356082.0,41573.0,0.0,0.0,0.0,0.0,1784179876.0
2026-07-16 05:31:17.144856,0.0,0.0,0.0,12.138738,18.203128,6.06439,920820.0,158646272.0,407089152.0,384061440.0,89018368.0,7700661.0,65446.0,13423003.0,41603.0,0.0,0.0,0.0,0.0,1784179877.0
2026-07-16 05:31:18.210849,0.0,0.0,0.0,12.164436,18.241665,6.077228,923422.0,158478336.0,406016000.0,382984192.0,89022464.0,7710412.0,65499.0,13479000.0,41632.0,0.0,0.0,0.0,0.0,1784179878.0
2026-07-16 05:31:19.290143,0.0,0.0,0.0,12.205258,18.287943,6.082685,926170.0,158343168.0,405377024.0,382345216.0,89022464.0,7721092.0,65555.0,13541526.0,41660.0,0.0,0.0,0.0,0.0,1784179879.0
2026-07-16 05:31:20.368429,0.0,0.0,0.0,12.205258,18.287943,6.082685,926170.0,158343168.0,405377024.0,382345216.0,89022464.0,7721092.0,65555.0,13541526.0,41660.0,0.0,0.0,0.0,0.0,1784179880.0
2026-07-16 05:31:21.458602,0.0,0.0,0.0,12.227033,18.335583,6.10855,930284.0,158003200.0,403251200.0,380215296.0,89026560.0,7730637.0,65605.0,13597294.0,41685.0,0.0,0.0,0.0,0.0,1784179881.0
2026-07-16 05:31:22.529776,0.0,0.0,0.0,12.239619,18.369363,6.129744,932698.0,157896704.0,402382848.0,379342848.0,89030656.0,7738636.0,65647.0,13644429.0,41706.0,0.0,0.0,0.0,0.0,1784179882.0
2026-07-16 05:31:23.598152,0.0,0.0,0.0,12.247536,18.401079,6.153543,935142.0,157757440.0,401489920.0,378445824.0,89034752.0,7746272.0,65687.0,13689030.0,41726.0,0.0,0.0,0.0,0.0,1784179883.0
2026-07-16 05:31:24.683278,0.0,0.0,0.0,12.314183,18.467726,6.153543,967172.0,202825728.0,447614976.0,424566784.0,89038848.0,7907499.0,66389.0,13728548.0,42195.0,0.0,0.0,0.0,0.0,1784179884.0
2026-07-16 05:31:25.750354,0.0,0.0,0.0,12.314183,18.467726,6.153543,967172.0,202825728.0,447614976.0,424566784.0,89038848.0,7907499.0,66389.0,13728548.0,42195.0,0.0,0.0,0.0,0.0,1784179885.0
2026-07-16 05:31:26.817093,0.0,0.0,0.0,12.322684,18.476227,6.153543,968522.0,204492800.0,451620864.0,428572672.0,89038848.0,8124491.0,67325.0,13772228.0,42819.0,0.0,0.0,0.0,0.0,1784179886.0
2026-07-16 05:31:27.888842,0.0,0.0,0.0,12.339586,18.49456,6.154973,972562.0,209477632.0,463646720.0,440598528.0,89038848.0,8227873.0,67947.0,13789168.0,43061.0,0.0,0.0,0.0,0.0,1784179887.0
2026-07-16 05:31:28.958411,0.0,0.0,0.0,12.339586,18.49456,6.154973,972562.0,209477632.0,463646720.0,440598528.0,89038848.0,8227873.0,67947.0,13789168.0,43061.0,0.0,0.0,0.0,0.0,1784179888.0
2026-07-16 05:31:30.028504,0.0,0.0,0.0,12.340666,18.496179,6.155512,972562.0,209477632.0,463646720.0,440598528.0,89038848.0,8276557.0,68605.0,13789234.0,43062.0,0.0,0.0,0.0,0.0,1784179890.0
2026-07-16 05:31:31.095517,0.0,0.0,0.0,12.340666,18.496179,6.155512,972562.0,209477632.0,463646720.0,440598528.0,89038848.0,8276557.0,68605.0,13789234.0,43062.0,0.0,0.0,0.0,0.0,1784179891.0
2026-07-16 05:31:32.170165,0.0,0.0,0.0,12.341529,18.497472,6.155943,972562.0,209477632.0,463646720.0,440598528.0,89038848.0,8320439.0,69198.0,13789234.0,43062.0,0.0,0.0,0.0,0.0,1784179892.0
2026-07-16 05:31:33.253904,0.0,0.0,0.0,12.341529,18.497472,6.155943,972562.0,209477632.0,463646720.0,440598528.0,89038848.0,8320439.0,69198.0,13789234.0,43062.0,0.0,0.0,0.0,0.0,1784179893.0
2026-07-16 05:31:34.324954,0.0,0.0,0.0,12.347282,18.506095,6.158812,973132.0,210255872.0,464461824.0,441409536.0,89047040.0,8423562.0,70373.0,13837810.0,43738.0,0.0,0.0,0.0,0.0,1784179894.0
2026-07-16 05:31:35.403006,0.0,0.0,0.0,12.57813,18.736942,6.158812,1008710.0,248938496.0,503463936.0,479760384.0,89694208.0,8547868.0,71152.0,14152088.0,44423.0,0.0,0.0,0.0,0.0,1784179895.0
2026-07-16 05:31:36.481029,0.0,0.0,0.0,12.57813,18.736942,6.158812,1008710.0,248938496.0,503463936.0,479760384.0,89694208.0,8547868.0,71152.0,14152088.0,44423.0,0.0,0.0,0.0,0.0,1784179896.0
2026-07-16 05:31:37.541682,0.0,0.0,0.0,12.591164,18.749976,6.158812,1010544.0,251510784.0,506138624.0,482402304.0,89726976.0,8590650.0,71381.0,14166024.0,44455.0,0.0,0.0,0.0,0.0,1784179897.0
2026-07-16 05:31:38.614480,0.0,0.0,0.0,12.601223,18.760036,6.158812,1012096.0,253706240.0,508420096.0,484659200.0,89751552.0,8628894.0,71506.0,14178934.0,44500.0,0.0,0.0,0.0,0.0,1784179898.0
2026-07-16 05:31:39.681127,0.0,0.0,0.0,12.601223,18.760036,6.158812,1012096.0,253706240.0,508420096.0,484659200.0,89751552.0,8628894.0,71506.0,14178934.0,44500.0,0.0,0.0,0.0,0.0,1784179899.0
2026-07-16 05:31:40.753273,0.0,0.0,0.0,12.602197,18.761009,6.158812,1012096.0,253706240.0,508420096.0,484659200.0,89751552.0,8658676.0,71687.0,14178934.0,44500.0,0.0,0.0,0.0,0.0,1784179900.0
2026-07-16 05:31:41.825235,0.0,0.0,0.0,12.603125,18.761938,6.158812,1012096.0,253706240.0,508420096.0,484659200.0,89751552.0,8667274.0,71712.0,14178934.0,44500.0,0.0,0.0,0.0,0.0,1784179901.0
2026-07-16 05:31:42.895328,0.0,0.0,0.0,12.603125,18.761938,6.158812,1012096.0,253706240.0,508420096.0,484659200.0,89751552.0,8667274.0,71712.0,14178934.0,44500.0,0.0,0.0,0.0,0.0,1784179902.0
2026-07-16 05:31:43.959895,0.0,0.0,0.0,12.608218,18.767031,6.158812,1012096.0,253706240.0,508420096.0,484659200.0,89751552.0,8732669.0,72383.0,14222428.0,45159.0,0.0,0.0,0.0,0.0,1784179903.0
2026-07-16 05:31:45.046520,0.0,0.0,0.0,12.727226,18.930411,6.203185,1015420.0,256724992.0,512692224.0,488275968.0,90415104.0,8760138.0,72690.0,14523682.0,45604.0,0.0,0.0,0.0,0.0,1784179905.0
2026-07-16 05:31:46.115855,0.0,0.0,0.0,12.731639,18.934825,6.203185,1015452.0,256786432.0,512745472.0,488316928.0,90419200.0,8760938.0,72697.0,14528130.0,45612.0,0.0,0.0,0.0,0.0,1784179906.0
2026-07-16 05:31:47.197348,0.0,0.0,0.0,12.731639,18.934825,6.203185,1015452.0,256786432.0,512745472.0,488316928.0,90419200.0,8760938.0,72697.0,14528130.0,45612.0,0.0,0.0,0.0,0.0,1784179907.0
2026-07-16 05:31:48.271116,0.0,0.0,0.0,12.743767,18.950274,6.206506,1015708.0,257265664.0,513257472.0,488787968.0,90468352.0,8886040.0,73217.0,14568258.0,45934.0,0.0,0.0,0.0,0.0,1784179908.0
2026-07-16 05:31:49.344408,0.0,0.0,0.0,12.743767,18.950274,6.206506,1015708.0,257265664.0,513257472.0,488787968.0,90468352.0,8886040.0,73217.0,14568258.0,45934.0,0.0,0.0,0.0,0.0,1784179909.0
2026-07-16 05:31:50.415232,0.0,0.0,0.0,12.744722,18.951693,6.206971,1015708.0,257265664.0,513257472.0,488779776.0,90468352.0,8932438.0,73310.0,14568258.0,45934.0,0.0,0.0,0.0,0.0,1784179910.0
2026-07-16 05:31:51.493669,0.0,0.0,0.0,12.745349,18.952626,6.207277,1015708.0,257265664.0,513257472.0,488779776.0,90468352.0,8945856.0,73335.0,14568324.0,45935.0,0.0,0.0,0.0,0.0,1784179911.0
2026-07-16 05:31:52.565140,0.0,0.0,0.0,12.745349,18.952626,6.207277,1015708.0,257265664.0,513257472.0,488779776.0,90468352.0,8945856.0,73335.0,14568324.0,45935.0,0.0,0.0,0.0,0.0,1784179912.0
2026-07-16 05:31:53.636215,0.0,0.0,0.0,12.749778,18.957055,6.207277,1015708.0,257265664.0,513437696.0,488960000.0,90468352.0,9006010.0,73994.0,14611686.0,46592.0,0.0,0.0,0.0,0.0,1784179913.0
2026-07-16 05:31:54.699660,0.0,0.0,0.0,12.749778,18.957055,6.207277,1015708.0,257265664.0,513437696.0,488960000.0,90468352.0,9006010.0,73994.0,14611686.0,46592.0,0.0,0.0,0.0,0.0,1784179914.0
2026-07-16 05:31:55.769372,0.0,0.0,0.0,12.860278,19.114517,6.254238,1017078.0,259407872.0,516505600.0,491360256.0,91136000.0,9040021.0,74322.0,14916263.0,47058.0,0.0,0.0,0.0,0.0,1784179915.0
2026-07-16 05:31:56.833486,0.0,0.0,0.0,12.865628,19.122469,6.25684,1017086.0,259420160.0,516567040.0,491421696.0,91140096.0,9041687.0,74337.0,14925225.0,47075.0,0.0,0.0,0.0,0.0,1784179916.0
2026-07-16 05:31:57.900564,0.0,0.0,0.0,12.865628,19.122469,6.25684,1017086.0,259420160.0,516567040.0,491421696.0,91140096.0,9041687.0,74337.0,14925225.0,47075.0,0.0,0.0,0.0,0.0,1784179917.0
2026-07-16 05:31:58.985376,0.0,0.0,0.0,12.873647,19.134387,6.26074,1017158.0,259526656.0,516706304.0,491507712.0,91189248.0,9042611.0,74351.0,14940303.0,47096.0,0.0,0.0,0.0,0.0,1784179919.0
2026-07-16 05:32:00.058433,0.0,0.0,0.0,12.873647,19.134387,6.26074,1017158.0,259526656.0,516706304.0,491507712.0,91189248.0,9042611.0,74351.0,14940303.0,47096.0,0.0,0.0,0.0,0.0,1784179920.0
2026-07-16 05:32:01.128083,0.0,0.0,0.0,12.874403,19.135511,6.261108,1017158.0,259526656.0,516706304.0,491507712.0,91189248.0,9043213.0,74355.0,14940509.0,47099.0,0.0,0.0,0.0,0.0,1784179921.0
2026-07-16 05:32:02.196418,0.0,0.0,0.0,12.874403,19.135511,6.261108,1017158.0,259526656.0,516706304.0,491507712.0,91189248.0,9043213.0,74355.0,14940509.0,47099.0,0.0,0.0,0.0,0.0,1784179922.0
2026-07-16 05:32:03.267162,0.0,0.0,0.0,12.875254,19.136775,6.261521,1017158.0,259526656.0,516706304.0,491507712.0,91189248.0,9050520.0,74379.0,14942035.0,47122.0,0.0,0.0,0.0,0.0,1784179923.0
2026-07-16 05:32:04.337876,0.0,0.0,0.0,12.878423,19.141487,6.263063,1017158.0,259526656.0,516706304.0,491507712.0,91189248.0,9099951.0,74920.0,14977741.0,47663.0,0.0,0.0,0.0,0.0,1784179924.0
2026-07-16 05:32:05.426359,0.0,0.0,0.0,13.004749,19.301166,6.296417,1017924.0,260382720.0,518930432.0,493084672.0,91852800.0,9125165.0,75229.0,15278613.0,48101.0,0.0,0.0,0.0,0.0,1784179925.0
2026-07-16 05:32:06.494300,0.0,0.0,0.0,13.007498,19.305246,6.297748,1017926.0,260382720.0,518672384.0,492814336.0,91856896.0,9125429.0,75233.0,15282921.0,48107.0,0.0,0.0,0.0,0.0,1784179926.0
2026-07-16 05:32:07.563858,0.0,0.0,0.0,13.011903,19.311784,6.299881,1017934.0,260382720.0,518696960.0,492822528.0,91873280.0,9125957.0,75241.0,15291537.0,48119.0,0.0,0.0,0.0,0.0,1784179927.0
2026-07-16 05:32:08.637421,0.0,0.0,0.0,13.017663,19.320333,6.302669,1017950.0,260386816.0,518746112.0,492838912.0,91906048.0,9127219.0,75255.0,15302513.0,48137.0,0.0,0.0,0.0,0.0,1784179928.0
2026-07-16 05:32:09.699053,0.0,0.0,0.0,13.017663,19.320333,6.302669,1017950.0,260386816.0,518746112.0,492838912.0,91906048.0,9127219.0,75255.0,15302513.0,48137.0,0.0,0.0,0.0,0.0,1784179929.0
2026-07-16 05:32:10.762009,0.0,0.0,0.0,13.018434,19.321476,6.303042,1017950.0,260386816.0,518746112.0,492834816.0,91906048.0,9127219.0,75255.0,15302513.0,48137.0,0.0,0.0,0.0,0.0,1784179930.0
2026-07-16 05:32:11.836888,0.0,0.0,0.0,13.019133,19.322514,6.303381,1017950.0,260386816.0,518746112.0,492830720.0,91906048.0,9127821.0,75259.0,15302719.0,48140.0,0.0,0.0,0.0,0.0,1784179931.0
2026-07-16 05:32:12.914357,0.0,0.0,0.0,13.019133,19.322514,6.303381,1017950.0,260386816.0,518746112.0,492830720.0,91906048.0,9127821.0,75259.0,15302719.0,48140.0,0.0,0.0,0.0,0.0,1784179932.0
2026-07-16 05:32:13.980398,0.0,0.0,0.0,13.022436,19.327416,6.30498,1017950.0,260386816.0,518746112.0,492830720.0,91906048.0,9164379.0,75659.0,15329119.0,48540.0,0.0,0.0,0.0,0.0,1784179934.0
2026-07-16 05:32:15.043993,0.0,0.0,0.0,13.135391,19.485809,6.350418,1019560.0,260337664.0,519815168.0,493240320.0,92581888.0,9183413.0,75943.0,15634589.0,48961.0,0.0,0.0,0.0,0.0,1784179935.0
2026-07-16 05:32:16.118699,0.0,0.0,0.0,13.135391,19.485809,6.350418,1019560.0,260337664.0,519815168.0,493240320.0,92581888.0,9183413.0,75943.0,15634589.0,48961.0,0.0,0.0,0.0,0.0,1784179936.0
2026-07-16 05:32:17.193098,0.0,0.0,0.0,13.13976,19.49229,6.35253,1019564.0,260341760.0,519827456.0,493232128.0,92585984.0,9183809.0,75949.0,15641051.0,48970.0,0.0,0.0,0.0,0.0,1784179937.0
2026-07-16 05:32:18.260605,0.0,0.0,0.0,13.145002,19.500068,6.355065,1019592.0,260378624.0,519892992.0,493289472.0,92602368.0,9184939.0,75961.0,15649873.0,48985.0,0.0,0.0,0.0,0.0,1784179938.0
2026-07-16 05:32:19.326383,0.0,0.0,0.0,13.145002,19.500068,6.355065,1019592.0,260378624.0,519892992.0,493289472.0,92602368.0,9184939.0,75961.0,15649873.0,48985.0,0.0,0.0,0.0,0.0,1784179939.0
2026-07-16 05:32:20.412647,0.0,0.0,0.0,13.150286,19.507906,6.357619,1019654.0,260476928.0,520024064.0,493375488.0,92639232.0,9185599.0,75971.0,15660643.0,49000.0,0.0,0.0,0.0,0.0,1784179940.0
2026-07-16 05:32:21.476911,0.0,0.0,0.0,13.151029,19.509007,6.357978,1019654.0,260476928.0,520007680.0,493359104.0,92639232.0,9186201.0,75975.0,15660849.0,49003.0,0.0,0.0,0.0,0.0,1784179941.0
2026-07-16 05:32:22.544204,0.0,0.0,0.0,13.1516,19.509855,6.358255,1019654.0,260476928.0,519999488.0,493350912.0,92639232.0,9186201.0,75975.0,15660849.0,49003.0,0.0,0.0,0.0,0.0,1784179942.0
2026-07-16 05:32:23.608488,0.0,0.0,0.0,13.1516,19.509855,6.358255,1019654.0,260476928.0,519999488.0,493350912.0,92639232.0,9186201.0,75975.0,15660849.0,49003.0,0.0,0.0,0.0,0.0,1784179943.0
2026-07-16 05:32:24.688786,0.0,0.0,0.0,13.390353,19.90744,6.517087,1029382.0,256425984.0,518017024.0,490119168.0,93888512.0,9241989.0,76753.0,16223398.0,49698.0,0.0,0.0,0.0,0.0,1784179944.0
2026-07-16 05:32:25.756413,0.0,0.0,0.0,13.425723,19.960538,6.534814,1033694.0,255463424.0,515411968.0,487510016.0,93892608.0,9254190.0,76817.0,16294666.0,49730.0,0.0,0.0,0.0,0.0,1784179945.0
2026-07-16 05:32:26.818882,0.0,0.0,0.0,13.455784,19.991176,6.535391,1036212.0,255217664.0,514621440.0,486715392.0,93896704.0,9261463.0,76855.0,16336758.0,49749.0,0.0,0.0,0.0,0.0,1784179946.0
2026-07-16 05:32:27.887510,0.0,0.0,0.0,13.455784,19.991176,6.535391,1036212.0,255217664.0,514621440.0,486715392.0,93896704.0,9261463.0,76855.0,16336758.0,49749.0,0.0,0.0,0.0,0.0,1784179947.0
2026-07-16 05:32:28.954190,0.0,0.0,0.0,13.48026,20.027816,6.547555,1038714.0,254652416.0,512978944.0,485072896.0,93896704.0,9270624.0,76903.0,16390695.0,49773.0,0.0,0.0,0.0,0.0,1784179948.0
2026-07-16 05:32:30.015519,0.0,0.0,0.0,13.490045,20.066803,6.576757,1041286.0,254148608.0,511713280.0,483803136.0,93900800.0,9280375.0,76956.0,16446691.0,49802.0,0.0,0.0,0.0,0.0,1784179950.0
2026-07-16 05:32:31.081288,0.0,0.0,0.0,13.490045,20.066803,6.576757,1041286.0,254148608.0,511713280.0,483803136.0,93900800.0,9280375.0,76956.0,16446691.0,49802.0,0.0,0.0,0.0,0.0,1784179951.0
2026-07-16 05:32:32.151408,0.0,0.0,0.0,13.525864,20.120803,6.594938,1045528.0,252727296.0,508715008.0,480800768.0,93904896.0,9293347.0,77024.0,16522910.0,49836.0,0.0,0.0,0.0,0.0,1784179952.0
2026-07-16 05:32:33.222481,0.0,0.0,0.0,13.542598,20.165341,6.622742,1049248.0,250859520.0,505446400.0,477528064.0,93908992.0,9303667.0,77078.0,16582366.0,49863.0,0.0,0.0,0.0,0.0,1784179953.0
2026-07-16 05:32:34.282595,0.0,0.0,0.0,13.560381,20.211197,6.650816,1052034.0,250109952.0,503767040.0,475844608.0,93913088.0,9315121.0,77138.0,16649287.0,49893.0,0.0,0.0,0.0,0.0,1784179954.0
2026-07-16 05:32:35.347016,0.0,0.0,0.0,13.560381,20.211197,6.650816,1052034.0,250109952.0,503767040.0,475844608.0,93913088.0,9315121.0,77138.0,16649287.0,49893.0,0.0,0.0,0.0,0.0,1784179955.0
2026-07-16 05:32:36.418159,0.0,0.0,0.0,13.595777,20.302515,6.706738,1057672.0,249716736.0,501886976.0,473874432.0,94003200.0,9343510.0,77347.0,16727172.0,50029.0,0.0,0.0,0.0,0.0,1784179956.0
2026-07-16 05:32:37.486213,0.0,0.0,0.0,13.623559,20.334672,6.711113,1059992.0,248877056.0,500273152.0,472260608.0,94007296.0,9351506.0,77389.0,16774862.0,50050.0,0.0,0.0,0.0,0.0,1784179957.0
2026-07-16 05:32:38.550843,0.0,0.0,0.0,13.636648,20.368664,6.732016,1062212.0,248020992.0,498782208.0,470765568.0,94007296.0,9359533.0,77431.0,16821335.0,50071.0,0.0,0.0,0.0,0.0,1784179958.0
2026-07-16 05:32:39.614306,0.0,0.0,0.0,13.657992,20.405405,6.747412,1065748.0,246226944.0,495333376.0,467312640.0,94011392.0,9367916.0,77475.0,16870297.0,50093.0,0.0,0.0,0.0,0.0,1784179959.0
2026-07-16 05:32:40.677253,0.0,0.0,0.0,13.66594,20.441329,6.775388,1068090.0,245342208.0,493604864.0,465580032.0,94015488.0,9377098.0,77523.0,16923537.0,50117.0,0.0,0.0,0.0,0.0,1784179960.0
2026-07-16 05:32:41.741153,0.0,0.0,0.0,13.66594,20.441329,6.775388,1068090.0,245342208.0,493604864.0,465580032.0,94015488.0,9377098.0,77523.0,16923537.0,50117.0,0.0,0.0,0.0,0.0,1784179961.0
2026-07-16 05:32:42.804295,0.0,0.0,0.0,13.67223,20.474764,6.802534,1070394.0,244686848.0,492408832.0,464384000.0,94019584.0,9385714.0,77570.0,16972781.0,50143.0,0.0,0.0,0.0,0.0,1784179962.0
2026-07-16 05:32:43.862853,0.0,0.0,0.0,13.703751,20.51724,6.813489,1072936.0,243769344.0,490471424.0,462442496.0,94019584.0,9396757.0,77628.0,17037832.0,50172.0,0.0,0.0,0.0,0.0,1784179963.0
2026-07-16 05:32:44.927140,0.0,0.0,0.0,13.703751,20.51724,6.813489,1072936.0,243769344.0,490471424.0,462442496.0,94019584.0,9396757.0,77628.0,17037832.0,50172.0,0.0,0.0,0.0,0.0,1784179964.0
2026-07-16 05:32:45.997356,0.0,0.0,0.0,13.719363,20.569451,6.850087,1076970.0,241922048.0,487149568.0,459112448.0,94027776.0,9409757.0,77696.0,17113392.0,50206.0,0.0,0.0,0.0,0.0,1784179966.0
2026-07-16 05:32:47.065267,0.0,0.0,0.0,13.73624,20.599561,6.86332,1079316.0,241172480.0,485470208.0,457424896.0,94035968.0,9418232.0,77745.0,17159579.0,50235.0,0.0,0.0,0.0,0.0,1784179967.0
2026-07-16 05:32:48.139318,0.0,0.0,0.0,13.796344,20.708857,6.912513,1088662.0,250687488.0,493469696.0,465408000.0,94052352.0,9463678.0,78066.0,17251804.0,50542.0,0.0,0.0,0.0,0.0,1784179968.0
2026-07-16 05:32:49.207070,0.0,0.0,0.0,13.796344,20.708857,6.912513,1088662.0,250687488.0,493469696.0,465408000.0,94052352.0,9463678.0,78066.0,17251804.0,50542.0,0.0,0.0,0.0,0.0,1784179969.0
2026-07-16 05:32:50.271700,0.0,0.0,0.0,13.799744,20.71873,6.918985,1091168.0,248750080.0,490033152.0,461971456.0,94052352.0,9463678.0,78066.0,17251804.0,50542.0,0.0,0.0,0.0,0.0,1784179970.0
2026-07-16 05:32:51.334897,0.0,0.0,0.0,13.805075,20.72406,6.918985,1092426.0,247783424.0,488337408.0,460275712.0,94052352.0,9463678.0,78066.0,17251804.0,50542.0,0.0,0.0,0.0,0.0,1784179971.0
2026-07-16 05:32:52.400701,0.0,0.0,0.0,13.805075,20.72406,6.918985,1092426.0,247783424.0,488337408.0,460275712.0,94052352.0,9463678.0,78066.0,17251804.0,50542.0,0.0,0.0,0.0,0.0,1784179972.0
2026-07-16 05:32:53.475616,0.0,0.0,0.0,13.818873,20.737858,6.918985,1095240.0,246386688.0,485220352.0,457158656.0,94052352.0,9465184.0,78077.0,17256158.0,50553.0,0.0,0.0,0.0,0.0,1784179973.0
2026-07-16 05:32:54.539341,0.0,0.0,0.0,13.818873,20.737858,6.918985,1095240.0,246386688.0,485220352.0,457158656.0,94052352.0,9465184.0,78077.0,17256158.0,50553.0,0.0,0.0,0.0,0.0,1784179974.0
2026-07-16 05:32:55.605840,0.0,0.0,0.0,13.828514,20.747543,6.919029,1097748.0,244449280.0,481705984.0,453640192.0,94056448.0,9465184.0,78077.0,17256158.0,50553.0,0.0,0.0,0.0,0.0,1784179975.0
2026-07-16 05:32:56.672241,0.0,0.0,0.0,13.832118,20.752943,6.920825,1099002.0,243486720.0,479952896.0,451887104.0,94056448.0,9465184.0,78077.0,17256158.0,50553.0,0.0,0.0,0.0,0.0,1784179976.0
2026-07-16 05:32:57.740341,0.0,0.0,0.0,13.837947,20.761683,6.923735,1100520.0,242987008.0,478867456.0,450801664.0,94056448.0,9465818.0,78082.0,17260196.0,50560.0,0.0,0.0,0.0,0.0,1784179977.0
2026-07-16 05:32:58.826889,0.0,0.0,0.0,13.868127,20.826019,6.957892,1105498.0,243187712.0,477327360.0,449249280.0,94068736.0,9487280.0,78204.0,17333543.0,50656.0,0.0,0.0,0.0,0.0,1784179978.0
2026-07-16 05:32:59.895177,0.0,0.0,0.0,13.868127,20.826019,6.957892,1105498.0,243187712.0,477327360.0,449249280.0,94068736.0,9487280.0,78204.0,17333543.0,50656.0,0.0,0.0,0.0,0.0,1784179979.0
2026-07-16 05:33:00.962992,0.0,0.0,0.0,13.8944,20.865408,6.971008,1107854.0,242245632.0,475697152.0,447614976.0,94072832.0,9496825.0,78254.0,17389314.0,50681.0,0.0,0.0,0.0,0.0,1784179980.0
2026-07-16 05:33:02.028267,0.0,0.0,0.0,13.90241,20.901226,6.998816,1110220.0,241311744.0,473817088.0,445730816.0,94076928.0,9506370.0,78304.0,17445081.0,50706.0,0.0,0.0,0.0,0.0,1784179982.0
2026-07-16 05:33:03.092791,0.0,0.0,0.0,13.90241,20.901226,6.998816,1110220.0,241311744.0,473817088.0,445730816.0,94076928.0,9506370.0,78304.0,17445081.0,50706.0,0.0,0.0,0.0,0.0,1784179983.0
2026-07-16 05:33:04.153978,0.0,0.0,0.0,13.93227,20.960221,7.027951,1114378.0,239648768.0,470614016.0,442523648.0,94081024.0,9520713.0,78381.0,17527781.0,50747.0,0.0,0.0,0.0,0.0,1784179984.0
2026-07-16 05:33:05.225430,0.0,0.0,0.0,13.952316,21.018703,7.066387,1118584.0,237789184.0,467341312.0,439246848.0,94085120.0,9534827.0,78455.0,17610788.0,50784.0,0.0,0.0,0.0,0.0,1784179985.0
2026-07-16 05:33:06.296032,0.0,0.0,0.0,13.974789,21.052435,7.077646,1120726.0,236855296.0,465735680.0,437637120.0,94089216.0,9542463.0,78495.0,17655397.0,50804.0,0.0,0.0,0.0,0.0,1784179986.0
2026-07-16 05:33:07.360239,0.0,0.0,0.0,14.003818,21.086428,7.082609,1123020.0,236044288.0,463814656.0,435716096.0,94089216.0,9550846.0,78539.0,17704365.0,50826.0,0.0,0.0,0.0,0.0,1784179987.0
2026-07-16 05:33:08.442000,0.0,0.0,0.0,14.003818,21.086428,7.082609,1123020.0,236044288.0,463814656.0,435716096.0,94089216.0,9550846.0,78539.0,17704365.0,50826.0,0.0,0.0,0.0,0.0,1784179988.0
2026-07-16 05:33:09.510956,0.0,0.0,0.0,14.011856,21.112716,7.100859,1126024.0,233791488.0,459976704.0,431874048.0,94093312.0,9555773.0,78568.0,17731915.0,50843.0,0.0,0.0,0.0,0.0,1784179989.0
2026-07-16 05:33:10.573143,0.0,0.0,0.0,14.011856,21.112716,7.100859,1126024.0,233791488.0,459976704.0,431874048.0,94093312.0,9555773.0,78568.0,17731915.0,50843.0,0.0,0.0,0.0,0.0,1784179990.0
2026-07-16 05:33:11.635738,0.0,0.0,0.0,14.021935,21.123091,7.101156,1128522.0,231776256.0,456384512.0,428281856.0,94093312.0,9555773.0,78568.0,17731915.0,50843.0,0.0,0.0,0.0,0.0,1784179991.0
2026-07-16 05:33:12.702310,0.0,0.0,0.0,14.027109,21.128265,7.101156,1129770.0,230764544.0,454582272.0,426479616.0,94093312.0,9555773.0,78568.0,17731915.0,50843.0,0.0,0.0,0.0,0.0,1784179992.0
